circuit,label_mode,budget,n_nodes,budget_nodes,rank_mode,gnn_nonrandom,gnn_reliable,gnn_struct_agree,gnn_participated,frontier_source,global_rank_prefix_consistent,runtime_no_fi,chosen_family,family_reason,family_peer_frontier_overlap,family_gnn_frontier_overlap,family_cache_frontier_overlap,family_static_core_overlap,method,rank_action,selected,fault_instance_total,fault_instance_selected,fault_instance_snc,fault_instance_nsde,fault_instance_oracle
adder,unsupervised,0.05,892,45,segr_structure_derived_global_rank,0.7260802469135803,True,0.8653023288439955,True,structure_derived_rank_frontier,True,False,mass_balance,relative-mass-balance-frontier,0.20055218648726436,0.2768361581920904,0.4868421052631579,0.0,pure_static_proximity,static_proximity_global_prefix,45,1397,44,0.031496062992125984,0.4888888888888889,90
adder,unsupervised,0.05,892,45,segr_structure_derived_global_rank,0.7260802469135803,True,0.8653023288439955,True,structure_derived_rank_frontier,True,False,mass_balance,relative-mass-balance-frontier,0.20055218648726436,0.2768361581920904,0.4868421052631579,0.0,segr_structure_derived_selector,global_rank_prefix,45,1397,90,0.06442376521116679,1.0,90
adder,unsupervised,0.1,892,90,segr_structure_derived_global_rank,0.7260802469135803,True,0.8653023288439955,True,structure_derived_rank_frontier,True,False,mass_balance,relative-mass-balance-frontier,0.20055218648726436,0.2768361581920904,0.4868421052631579,0.0,pure_static_proximity,static_proximity_global_prefix,90,1397,89,0.06370794559770938,0.49444444444444446,180
adder,unsupervised,0.1,892,90,segr_structure_derived_global_rank,0.7260802469135803,True,0.8653023288439955,True,structure_derived_rank_frontier,True,False,mass_balance,relative-mass-balance-frontier,0.20055218648726436,0.2768361581920904,0.4868421052631579,0.0,segr_structure_derived_selector,global_rank_prefix,90,1397,180,0.12884753042233357,1.0,180
adder,unsupervised,0.2,892,179,segr_structure_derived_global_rank,0.7260802469135803,True,0.8653023288439955,True,structure_derived_rank_frontier,True,False,mass_balance,relative-mass-balance-frontier,0.20055218648726436,0.2768361581920904,0.4868421052631579,0.0,pure_static_proximity,static_proximity_global_prefix,179,1397,177,0.12670007158196134,0.49441340782122906,358
adder,unsupervised,0.2,892,179,segr_structure_derived_global_rank,0.7260802469135803,True,0.8653023288439955,True,structure_derived_rank_frontier,True,False,mass_balance,relative-mass-balance-frontier,0.20055218648726436,0.2768361581920904,0.4868421052631579,0.0,segr_structure_derived_selector,global_rank_prefix,179,1397,358,0.25626342161775234,1.0,358
arbiter,unsupervised,0.05,11711,586,segr_structure_derived_global_rank,0.7569978917591802,True,0.2592635834756618,True,structure_derived_rank_frontier,True,False,pdom_dist,relative-pdom-static-aligned,0.37946213739983065,0.08827726809378185,0.07447665056360708,0.7013574660633484,pure_static_proximity,static_proximity_global_prefix,586,12611,1161,0.0920624851320276,0.9906143344709898,1172
arbiter,unsupervised,0.05,11711,586,segr_structure_derived_global_rank,0.7569978917591802,True,0.2592635834756618,True,structure_derived_rank_frontier,True,False,pdom_dist,relative-pdom-static-aligned,0.37946213739983065,0.08827726809378185,0.07447665056360708,0.7013574660633484,segr_structure_derived_selector,global_rank_prefix,586,12611,1161,0.0920624851320276,0.9906143344709898,1172
arbiter,unsupervised,0.1,11711,1172,segr_structure_derived_global_rank,0.7569978917591802,True,0.2592635834756618,True,structure_derived_rank_frontier,True,False,pdom_dist,relative-pdom-static-aligned,0.37946213739983065,0.08827726809378185,0.07447665056360708,0.7013574660633484,pure_static_proximity,static_proximity_global_prefix,1172,12611,2285,0.18119102370946,0.9748293515358362,2344
arbiter,unsupervised,0.1,11711,1172,segr_structure_derived_global_rank,0.7569978917591802,True,0.2592635834756618,True,structure_derived_rank_frontier,True,False,pdom_dist,relative-pdom-static-aligned,0.37946213739983065,0.08827726809378185,0.07447665056360708,0.7013574660633484,segr_structure_derived_selector,global_rank_prefix,1172,12611,2285,0.18119102370946,0.9748293515358362,2344
arbiter,unsupervised,0.2,11711,2343,segr_structure_derived_global_rank,0.7569978917591802,True,0.2592635834756618,True,structure_derived_rank_frontier,True,False,pdom_dist,relative-pdom-static-aligned,0.37946213739983065,0.08827726809378185,0.07447665056360708,0.7013574660633484,pure_static_proximity,static_proximity_global_prefix,2343,12611,4263,0.3380382206010626,0.9097311139564661,4686
arbiter,unsupervised,0.2,11711,2343,segr_structure_derived_global_rank,0.7569978917591802,True,0.2592635834756618,True,structure_derived_rank_frontier,True,False,pdom_dist,relative-pdom-static-aligned,0.37946213739983065,0.08827726809378185,0.07447665056360708,0.7013574660633484,segr_structure_derived_selector,global_rank_prefix,2343,12611,4627,0.36690191103005315,0.9874093043107127,4686
bar,unsupervised,0.05,3208,161,segr_structure_derived_global_rank,0.7194515902712816,True,0.5601175163704396,True,structure_derived_rank_frontier,True,False,pdom_dist,relative-pdom-static-aligned,0.4984140025522431,0.4130240856378234,0.39559471365638765,1.0,pure_static_proximity,static_proximity_global_prefix,161,4989,282,0.05652435357787132,0.8757763975155279,322
bar,unsupervised,0.05,3208,161,segr_structure_derived_global_rank,0.7194515902712816,True,0.5601175163704396,True,structure_derived_rank_frontier,True,False,pdom_dist,relative-pdom-static-aligned,0.4984140025522431,0.4130240856378234,0.39559471365638765,1.0,segr_structure_derived_selector,global_rank_prefix,161,4989,282,0.05652435357787132,0.8757763975155279,322
bar,unsupervised,0.1,3208,321,segr_structure_derived_global_rank,0.7194515902712816,True,0.5601175163704396,True,structure_derived_rank_frontier,True,False,pdom_dist,relative-pdom-static-aligned,0.4984140025522431,0.4130240856378234,0.39559471365638765,1.0,pure_static_proximity,static_proximity_global_prefix,321,4989,578,0.11585488073762278,0.9003115264797508,642
bar,unsupervised,0.1,3208,321,segr_structure_derived_global_rank,0.7194515902712816,True,0.5601175163704396,True,structure_derived_rank_frontier,True,False,pdom_dist,relative-pdom-static-aligned,0.4984140025522431,0.4130240856378234,0.39559471365638765,1.0,segr_structure_derived_selector,global_rank_prefix,321,4989,578,0.11585488073762278,0.9003115264797508,642
bar,unsupervised,0.2,3208,642,segr_structure_derived_global_rank,0.7194515902712816,True,0.5601175163704396,True,structure_derived_rank_frontier,True,False,pdom_dist,relative-pdom-static-aligned,0.4984140025522431,0.4130240856378234,0.39559471365638765,1.0,pure_static_proximity,static_proximity_global_prefix,642,4989,1110,0.22248947684906795,0.8644859813084113,1284
bar,unsupervised,0.2,3208,642,segr_structure_derived_global_rank,0.7194515902712816,True,0.5601175163704396,True,structure_derived_rank_frontier,True,False,pdom_dist,relative-pdom-static-aligned,0.4984140025522431,0.4130240856378234,0.39559471365638765,1.0,segr_structure_derived_selector,global_rank_prefix,642,4989,1110,0.22248947684906795,0.8644859813084113,1284
cavlc,unsupervised,0.05,682,35,segr_structure_derived_global_rank,0.7583516886930983,True,0.8314289647577092,True,structure_derived_rank_frontier,True,False,pdom_dist,relative-pdom-static-aligned,0.35883497161110306,0.32567049808429116,0.384,0.6829268292682927,pure_static_proximity,static_proximity_global_prefix,35,219,31,0.1415525114155251,0.8157894736842105,38
cavlc,unsupervised,0.05,682,35,segr_structure_derived_global_rank,0.7583516886930983,True,0.8314289647577092,True,structure_derived_rank_frontier,True,False,pdom_dist,relative-pdom-static-aligned,0.35883497161110306,0.32567049808429116,0.384,0.6829268292682927,segr_structure_derived_selector,global_rank_prefix,35,219,31,0.1415525114155251,0.8157894736842105,38
cavlc,unsupervised,0.1,682,69,segr_structure_derived_global_rank,0.7583516886930983,True,0.8314289647577092,True,structure_derived_rank_frontier,True,False,pdom_dist,relative-pdom-static-aligned,0.35883497161110306,0.32567049808429116,0.384,0.6829268292682927,pure_static_proximity,static_proximity_global_prefix,69,219,47,0.2146118721461187,0.6527777777777778,72
cavlc,unsupervised,0.1,682,69,segr_structure_derived_global_rank,0.7583516886930983,True,0.8314289647577092,True,structure_derived_rank_frontier,True,False,pdom_dist,relative-pdom-static-aligned,0.35883497161110306,0.32567049808429116,0.384,0.6829268292682927,segr_structure_derived_selector,global_rank_prefix,69,219,51,0.2328767123287671,0.7083333333333334,72
cavlc,unsupervised,0.2,682,137,segr_structure_derived_global_rank,0.7583516886930983,True,0.8314289647577092,True,structure_derived_rank_frontier,True,False,pdom_dist,relative-pdom-static-aligned,0.35883497161110306,0.32567049808429116,0.384,0.6829268292682927,pure_static_proximity,static_proximity_global_prefix,137,219,74,0.3378995433789954,0.5285714285714286,140
cavlc,unsupervised,0.2,682,137,segr_structure_derived_global_rank,0.7583516886930983,True,0.8314289647577092,True,structure_derived_rank_frontier,True,False,pdom_dist,relative-pdom-static-aligned,0.35883497161110306,0.32567049808429116,0.384,0.6829268292682927,segr_structure_derived_selector,global_rank_prefix,137,219,92,0.4200913242009132,0.6571428571428571,140
ctrl,unsupervised,0.05,164,9,segr_structure_derived_global_rank,0.6466161809815951,True,0.5218558282208589,True,structure_derived_rank_frontier,True,False,pdom_dist,relative-pdom-static-aligned,0.39666589635433736,0.1875,0.22580645161290322,1.0,pure_static_proximity,static_proximity_global_prefix,9,162,10,0.06172839506172839,0.5555555555555556,18
ctrl,unsupervised,0.05,164,9,segr_structure_derived_global_rank,0.6466161809815951,True,0.5218558282208589,True,structure_derived_rank_frontier,True,False,pdom_dist,relative-pdom-static-aligned,0.39666589635433736,0.1875,0.22580645161290322,1.0,segr_structure_derived_selector,global_rank_prefix,9,162,10,0.06172839506172839,0.5555555555555556,18
ctrl,unsupervised,0.1,164,17,segr_structure_derived_global_rank,0.6466161809815951,True,0.5218558282208589,True,structure_derived_rank_frontier,True,False,pdom_dist,relative-pdom-static-aligned,0.39666589635433736,0.1875,0.22580645161290322,1.0,pure_static_proximity,static_proximity_global_prefix,17,162,21,0.12962962962962962,0.6176470588235294,34
ctrl,unsupervised,0.1,164,17,segr_structure_derived_global_rank,0.6466161809815951,True,0.5218558282208589,True,structure_derived_rank_frontier,True,False,pdom_dist,relative-pdom-static-aligned,0.39666589635433736,0.1875,0.22580645161290322,1.0,segr_structure_derived_selector,global_rank_prefix,17,162,21,0.12962962962962962,0.6176470588235294,34
ctrl,unsupervised,0.2,164,33,segr_structure_derived_global_rank,0.6466161809815951,True,0.5218558282208589,True,structure_derived_rank_frontier,True,False,pdom_dist,relative-pdom-static-aligned,0.39666589635433736,0.1875,0.22580645161290322,1.0,pure_static_proximity,static_proximity_global_prefix,33,162,39,0.24074074074074073,0.6290322580645161,62
ctrl,unsupervised,0.2,164,33,segr_structure_derived_global_rank,0.6466161809815951,True,0.5218558282208589,True,structure_derived_rank_frontier,True,False,pdom_dist,relative-pdom-static-aligned,0.39666589635433736,0.1875,0.22580645161290322,1.0,segr_structure_derived_selector,global_rank_prefix,33,162,39,0.24074074074074073,0.6290322580645161,62
dec,unsupervised,0.05,48,3,segr_structure_derived_global_rank,0.5,True,0.4406028368794326,True,structure_derived_rank_frontier,True,False,index_mid,relative-structural-lowdim-index-tail,0.7308745188507679,0.7272727272727273,0.7272727272727273,0.0,pure_static_proximity,static_proximity_global_prefix,3,76,3,0.039473684210526314,0.5,6
dec,unsupervised,0.05,48,3,segr_structure_derived_global_rank,0.5,True,0.4406028368794326,True,structure_derived_rank_frontier,True,False,index_mid,relative-structural-lowdim-index-tail,0.7308745188507679,0.7272727272727273,0.7272727272727273,0.0,segr_structure_derived_selector,global_rank_prefix,3,76,6,0.07894736842105263,1.0,6
dec,unsupervised,0.1,48,5,segr_structure_derived_global_rank,0.5,True,0.4406028368794326,True,structure_derived_rank_frontier,True,False,index_mid,relative-structural-lowdim-index-tail,0.7308745188507679,0.7272727272727273,0.7272727272727273,0.0,pure_static_proximity,static_proximity_global_prefix,5,76,5,0.06578947368421052,0.5,10
dec,unsupervised,0.1,48,5,segr_structure_derived_global_rank,0.5,True,0.4406028368794326,True,structure_derived_rank_frontier,True,False,index_mid,relative-structural-lowdim-index-tail,0.7308745188507679,0.7272727272727273,0.7272727272727273,0.0,segr_structure_derived_selector,global_rank_prefix,5,76,10,0.13157894736842105,1.0,10
dec,unsupervised,0.2,48,10,segr_structure_derived_global_rank,0.5,True,0.4406028368794326,True,structure_derived_rank_frontier,True,False,index_mid,relative-structural-lowdim-index-tail,0.7308745188507679,0.7272727272727273,0.7272727272727273,0.0,pure_static_proximity,static_proximity_global_prefix,10,76,12,0.15789473684210525,0.6,20
dec,unsupervised,0.2,48,10,segr_structure_derived_global_rank,0.5,True,0.4406028368794326,True,structure_derived_rank_frontier,True,False,index_mid,relative-structural-lowdim-index-tail,0.7308745188507679,0.7272727272727273,0.7272727272727273,0.0,segr_structure_derived_selector,global_rank_prefix,10,76,19,0.25,0.95,20
div,unsupervised,0.05,57119,2856,segr_structure_derived_global_rank,0.7148905281610001,True,0.41747566441402006,True,structure_derived_rank_frontier,True,False,inv_depth,relative-depth-frontier,0.14743756735813227,0.1934321185422507,0.2008519947038167,0.11516916872059153,pure_static_proximity,static_proximity_global_prefix,2856,25925,1334,0.05145612343297975,0.23354341736694678,5712
div,unsupervised,0.05,57119,2856,segr_structure_derived_global_rank,0.7148905281610001,True,0.41747566441402006,True,structure_derived_rank_frontier,True,False,inv_depth,relative-depth-frontier,0.14743756735813227,0.1934321185422507,0.2008519947038167,0.11516916872059153,segr_structure_derived_selector,global_rank_prefix,2856,25925,1997,0.07702989392478303,0.34961484593837533,5712
div,unsupervised,0.1,57119,5712,segr_structure_derived_global_rank,0.7148905281610001,True,0.41747566441402006,True,structure_derived_rank_frontier,True,False,inv_depth,relative-depth-frontier,0.14743756735813227,0.1934321185422507,0.2008519947038167,0.11516916872059153,pure_static_proximity,static_proximity_global_prefix,5712,25925,2327,0.0897589199614272,0.2036939775910364,11424
div,unsupervised,0.1,57119,5712,segr_structure_derived_global_rank,0.7148905281610001,True,0.41747566441402006,True,structure_derived_rank_frontier,True,False,inv_depth,relative-depth-frontier,0.14743756735813227,0.1934321185422507,0.2008519947038167,0.11516916872059153,segr_structure_derived_selector,global_rank_prefix,5712,25925,3657,0.14106075216972036,0.32011554621848737,11424
div,unsupervised,0.2,57119,11424,segr_structure_derived_global_rank,0.7148905281610001,True,0.41747566441402006,True,structure_derived_rank_frontier,True,False,inv_depth,relative-depth-frontier,0.14743756735813227,0.1934321185422507,0.2008519947038167,0.11516916872059153,pure_static_proximity,static_proximity_global_prefix,11424,25925,8862,0.3418322082931533,0.5061396995830716,17509
div,unsupervised,0.2,57119,11424,segr_structure_derived_global_rank,0.7148905281610001,True,0.41747566441402006,True,structure_derived_rank_frontier,True,False,inv_depth,relative-depth-frontier,0.14743756735813227,0.1934321185422507,0.2008519947038167,0.11516916872059153,segr_structure_derived_selector,global_rank_prefix,11424,25925,6759,0.2607135969141755,0.38603004169284366,17509
hyp,unsupervised,0.05,214207,10711,segr_structure_derived_global_rank,0.7547691751748317,True,0.9881645763890833,True,structure_derived_rank_frontier,True,False,index_mid,relative-mid-index,0.053488998902720165,0.12808416029499484,1.2017641898306715e-05,0.058360186179735055,pure_static_proximity,static_proximity_global_prefix,10711,120392,10542,0.08756395773805568,0.49211091401363083,21422
hyp,unsupervised,0.05,214207,10711,segr_structure_derived_global_rank,0.7547691751748317,True,0.9881645763890833,True,structure_derived_rank_frontier,True,False,index_mid,relative-mid-index,0.053488998902720165,0.12808416029499484,1.2017641898306715e-05,0.058360186179735055,segr_structure_derived_selector,global_rank_prefix,10711,120392,1878,0.01559904312578909,0.08766688451125011,21422
hyp,unsupervised,0.1,214207,21421,segr_structure_derived_global_rank,0.7547691751748317,True,0.9881645763890833,True,structure_derived_rank_frontier,True,False,index_mid,relative-mid-index,0.053488998902720165,0.12808416029499484,1.2017641898306715e-05,0.058360186179735055,pure_static_proximity,static_proximity_global_prefix,21421,120392,21043,0.17478736128646422,0.5642462594519225,37294
hyp,unsupervised,0.1,214207,21421,segr_structure_derived_global_rank,0.7547691751748317,True,0.9881645763890833,True,structure_derived_rank_frontier,True,False,index_mid,relative-mid-index,0.053488998902720165,0.12808416029499484,1.2017641898306715e-05,0.058360186179735055,segr_structure_derived_selector,global_rank_prefix,21421,120392,7217,0.05994584357764635,0.19351638333243953,37294
hyp,unsupervised,0.2,214207,42842,segr_structure_derived_global_rank,0.7547691751748317,True,0.9881645763890833,True,structure_derived_rank_frontier,True,False,index_mid,relative-mid-index,0.053488998902720165,0.12808416029499484,1.2017641898306715e-05,0.058360186179735055,pure_static_proximity,static_proximity_global_prefix,42842,120392,35616,0.29583361020665827,0.6065911606914758,58715
hyp,unsupervised,0.2,214207,42842,segr_structure_derived_global_rank,0.7547691751748317,True,0.9881645763890833,True,structure_derived_rank_frontier,True,False,index_mid,relative-mid-index,0.053488998902720165,0.12808416029499484,1.2017641898306715e-05,0.058360186179735055,segr_structure_derived_selector,global_rank_prefix,42842,120392,17696,0.14698651073161006,0.30138806097249426,58715
i2c,unsupervised,0.05,1357,68,segr_structure_derived_global_rank,0.7207204092920354,True,0.6504655235988202,True,structure_derived_rank_frontier,True,False,pdom_dist,relative-pdom-static-aligned,0.43484029502299065,0.3292181069958848,0.3130081300813008,1.0,pure_static_proximity,static_proximity_global_prefix,68,909,80,0.08800880088008801,0.5882352941176471,136
i2c,unsupervised,0.05,1357,68,segr_structure_derived_global_rank,0.7207204092920354,True,0.6504655235988202,True,structure_derived_rank_frontier,True,False,pdom_dist,relative-pdom-static-aligned,0.43484029502299065,0.3292181069958848,0.3130081300813008,1.0,segr_structure_derived_selector,global_rank_prefix,68,909,80,0.08800880088008801,0.5882352941176471,136
i2c,unsupervised,0.1,1357,136,segr_structure_derived_global_rank,0.7207204092920354,True,0.6504655235988202,True,structure_derived_rank_frontier,True,False,pdom_dist,relative-pdom-static-aligned,0.43484029502299065,0.3292181069958848,0.3130081300813008,1.0,pure_static_proximity,static_proximity_global_prefix,136,909,175,0.1925192519251925,0.7847533632286996,223
i2c,unsupervised,0.1,1357,136,segr_structure_derived_global_rank,0.7207204092920354,True,0.6504655235988202,True,structure_derived_rank_frontier,True,False,pdom_dist,relative-pdom-static-aligned,0.43484029502299065,0.3292181069958848,0.3130081300813008,1.0,segr_structure_derived_selector,global_rank_prefix,136,909,175,0.1925192519251925,0.7847533632286996,223
i2c,unsupervised,0.2,1357,272,segr_structure_derived_global_rank,0.7207204092920354,True,0.6504655235988202,True,structure_derived_rank_frontier,True,False,pdom_dist,relative-pdom-static-aligned,0.43484029502299065,0.3292181069958848,0.3130081300813008,1.0,pure_static_proximity,static_proximity_global_prefix,272,909,334,0.36743674367436746,0.9303621169916435,359
i2c,unsupervised,0.2,1357,272,segr_structure_derived_global_rank,0.7207204092920354,True,0.6504655235988202,True,structure_derived_rank_frontier,True,False,pdom_dist,relative-pdom-static-aligned,0.43484029502299065,0.3292181069958848,0.3130081300813008,1.0,segr_structure_derived_selector,global_rank_prefix,272,909,334,0.36743674367436746,0.9303621169916435,359
int2float,unsupervised,0.05,253,13,segr_structure_derived_global_rank,0.7065662202380952,True,0.5923239087301587,True,structure_derived_rank_frontier,True,False,pdom_dist,relative-pdom-static-aligned,0.4360574310846462,0.2549019607843137,0.391304347826087,1.0,pure_static_proximity,static_proximity_global_prefix,13,99,19,0.1919191919191919,0.95,20
int2float,unsupervised,0.05,253,13,segr_structure_derived_global_rank,0.7065662202380952,True,0.5923239087301587,True,structure_derived_rank_frontier,True,False,pdom_dist,relative-pdom-static-aligned,0.4360574310846462,0.2549019607843137,0.391304347826087,1.0,segr_structure_derived_selector,global_rank_prefix,13,99,19,0.1919191919191919,0.95,20
int2float,unsupervised,0.1,253,26,segr_structure_derived_global_rank,0.7065662202380952,True,0.5923239087301587,True,structure_derived_rank_frontier,True,False,pdom_dist,relative-pdom-static-aligned,0.4360574310846462,0.2549019607843137,0.391304347826087,1.0,pure_static_proximity,static_proximity_global_prefix,26,99,31,0.31313131313131315,0.9393939393939394,33
int2float,unsupervised,0.1,253,26,segr_structure_derived_global_rank,0.7065662202380952,True,0.5923239087301587,True,structure_derived_rank_frontier,True,False,pdom_dist,relative-pdom-static-aligned,0.4360574310846462,0.2549019607843137,0.391304347826087,1.0,segr_structure_derived_selector,global_rank_prefix,26,99,31,0.31313131313131315,0.9393939393939394,33
int2float,unsupervised,0.2,253,51,segr_structure_derived_global_rank,0.7065662202380952,True,0.5923239087301587,True,structure_derived_rank_frontier,True,False,pdom_dist,relative-pdom-static-aligned,0.4360574310846462,0.2549019607843137,0.391304347826087,1.0,pure_static_proximity,static_proximity_global_prefix,51,99,45,0.45454545454545453,0.7758620689655172,58
int2float,unsupervised,0.2,253,51,segr_structure_derived_global_rank,0.7065662202380952,True,0.5923239087301587,True,structure_derived_rank_frontier,True,False,pdom_dist,relative-pdom-static-aligned,0.4360574310846462,0.2549019607843137,0.391304347826087,1.0,segr_structure_derived_selector,global_rank_prefix,51,99,48,0.48484848484848486,0.8275862068965517,58
log2,unsupervised,0.05,32028,1602,segr_structure_derived_global_rank,0.7600679212071065,True,0.7770113888281762,True,structure_derived_rank_frontier,True,False,sink_reach_near_pr,relative-sink-gnn-frontier,0.2936986783904086,0.1922056723117731,0.366623786691615,0.056818181818181816,pure_static_proximity,static_proximity_global_prefix,1602,3700,230,0.062162162162162166,0.14232673267326731,1616
log2,unsupervised,0.05,32028,1602,segr_structure_derived_global_rank,0.7600679212071065,True,0.7770113888281762,True,structure_derived_rank_frontier,True,False,sink_reach_near_pr,relative-sink-gnn-frontier,0.2936986783904086,0.1922056723117731,0.366623786691615,0.056818181818181816,segr_structure_derived_selector,global_rank_prefix,1602,3700,704,0.19027027027027027,0.43564356435643564,1616
log2,unsupervised,0.1,32028,3203,segr_structure_derived_global_rank,0.7600679212071065,True,0.7770113888281762,True,structure_derived_rank_frontier,True,False,sink_reach_near_pr,relative-sink-gnn-frontier,0.2936986783904086,0.1922056723117731,0.366623786691615,0.056818181818181816,pure_static_proximity,static_proximity_global_prefix,3203,3700,321,0.08675675675675676,0.09978240596829344,3217
log2,unsupervised,0.1,32028,3203,segr_structure_derived_global_rank,0.7600679212071065,True,0.7770113888281762,True,structure_derived_rank_frontier,True,False,sink_reach_near_pr,relative-sink-gnn-frontier,0.2936986783904086,0.1922056723117731,0.366623786691615,0.056818181818181816,segr_structure_derived_selector,global_rank_prefix,3203,3700,1097,0.2964864864864865,0.3410009325458502,3217
log2,unsupervised,0.2,32028,6406,segr_structure_derived_global_rank,0.7600679212071065,True,0.7770113888281762,True,structure_derived_rank_frontier,True,False,sink_reach_near_pr,relative-sink-gnn-frontier,0.2936986783904086,0.1922056723117731,0.366623786691615,0.056818181818181816,pure_static_proximity,static_proximity_global_prefix,6406,3700,706,0.1908108108108108,0.1908108108108108,3700
log2,unsupervised,0.2,32028,6406,segr_structure_derived_global_rank,0.7600679212071065,True,0.7770113888281762,True,structure_derived_rank_frontier,True,False,sink_reach_near_pr,relative-sink-gnn-frontier,0.2936986783904086,0.1922056723117731,0.366623786691615,0.056818181818181816,segr_structure_derived_selector,global_rank_prefix,6406,3700,1787,0.482972972972973,0.482972972972973,3700
max,unsupervised,0.05,2735,137,segr_structure_derived_global_rank,0.7329890956474031,True,0.7985895208485735,True,structure_derived_rank_frontier,True,False,pdom_dist,relative-pdom-static-aligned,0.28275254473848144,0.04974271012006861,0.2776617954070981,0.9773584905660377,pure_static_proximity,static_proximity_global_prefix,137,2207,155,0.07023108291798821,0.7989690721649485,194
max,unsupervised,0.05,2735,137,segr_structure_derived_global_rank,0.7329890956474031,True,0.7985895208485735,True,structure_derived_rank_frontier,True,False,pdom_dist,relative-pdom-static-aligned,0.28275254473848144,0.04974271012006861,0.2776617954070981,0.9773584905660377,segr_structure_derived_selector,global_rank_prefix,137,2207,155,0.07023108291798821,0.7989690721649485,194
max,unsupervised,0.1,2735,274,segr_structure_derived_global_rank,0.7329890956474031,True,0.7985895208485735,True,structure_derived_rank_frontier,True,False,pdom_dist,relative-pdom-static-aligned,0.28275254473848144,0.04974271012006861,0.2776617954070981,0.9773584905660377,pure_static_proximity,static_proximity_global_prefix,274,2207,291,0.13185319438151336,0.879154078549849,331
max,unsupervised,0.1,2735,274,segr_structure_derived_global_rank,0.7329890956474031,True,0.7985895208485735,True,structure_derived_rank_frontier,True,False,pdom_dist,relative-pdom-static-aligned,0.28275254473848144,0.04974271012006861,0.2776617954070981,0.9773584905660377,segr_structure_derived_selector,global_rank_prefix,274,2207,303,0.13729043951064793,0.9154078549848943,331
max,unsupervised,0.2,2735,547,segr_structure_derived_global_rank,0.7329890956474031,True,0.7985895208485735,True,structure_derived_rank_frontier,True,False,pdom_dist,relative-pdom-static-aligned,0.28275254473848144,0.04974271012006861,0.2776617954070981,0.9773584905660377,pure_static_proximity,static_proximity_global_prefix,547,2207,508,0.23017671046669688,0.8410596026490066,604
max,unsupervised,0.2,2735,547,segr_structure_derived_global_rank,0.7329890956474031,True,0.7985895208485735,True,structure_derived_rank_frontier,True,False,pdom_dist,relative-pdom-static-aligned,0.28275254473848144,0.04974271012006861,0.2776617954070981,0.9773584905660377,segr_structure_derived_selector,global_rank_prefix,547,2207,570,0.25826914363389214,0.9437086092715232,604
mem_ctrl,unsupervised,0.05,47110,2356,segr_structure_derived_global_rank,0.7284421169521748,True,0.7340244167781104,True,structure_derived_rank_frontier,True,False,pdom_dist,relative-pdom-static-aligned,0.30909579602099463,0.21749090419080985,0.05321443142740572,0.9626255547769212,pure_static_proximity,static_proximity_global_prefix,2356,11837,3724,0.3146067415730337,0.8656438865643886,4302
mem_ctrl,unsupervised,0.05,47110,2356,segr_structure_derived_global_rank,0.7284421169521748,True,0.7340244167781104,True,structure_derived_rank_frontier,True,False,pdom_dist,relative-pdom-static-aligned,0.30909579602099463,0.21749090419080985,0.05321443142740572,0.9626255547769212,segr_structure_derived_selector,global_rank_prefix,2356,11837,3724,0.3146067415730337,0.8656438865643886,4302
mem_ctrl,unsupervised,0.1,47110,4711,segr_structure_derived_global_rank,0.7284421169521748,True,0.7340244167781104,True,structure_derived_rank_frontier,True,False,pdom_dist,relative-pdom-static-aligned,0.30909579602099463,0.21749090419080985,0.05321443142740572,0.9626255547769212,pure_static_proximity,static_proximity_global_prefix,4711,11837,5932,0.5011404916786348,0.8910920835211056,6657
mem_ctrl,unsupervised,0.1,47110,4711,segr_structure_derived_global_rank,0.7284421169521748,True,0.7340244167781104,True,structure_derived_rank_frontier,True,False,pdom_dist,relative-pdom-static-aligned,0.30909579602099463,0.21749090419080985,0.05321443142740572,0.9626255547769212,segr_structure_derived_selector,global_rank_prefix,4711,11837,5933,0.5012249725437189,0.8912423013369386,6657
mem_ctrl,unsupervised,0.2,47110,9422,segr_structure_derived_global_rank,0.7284421169521748,True,0.7340244167781104,True,structure_derived_rank_frontier,True,False,pdom_dist,relative-pdom-static-aligned,0.30909579602099463,0.21749090419080985,0.05321443142740572,0.9626255547769212,pure_static_proximity,static_proximity_global_prefix,9422,11837,7647,0.646025175297795,0.6726776917663617,11368
mem_ctrl,unsupervised,0.2,47110,9422,segr_structure_derived_global_rank,0.7284421169521748,True,0.7340244167781104,True,structure_derived_rank_frontier,True,False,pdom_dist,relative-pdom-static-aligned,0.30909579602099463,0.21749090419080985,0.05321443142740572,0.9626255547769212,segr_structure_derived_selector,global_rank_prefix,9422,11837,7810,0.6597955563064966,0.6870161857846587,11368
multiplier,unsupervised,0.05,26934,1347,segr_structure_derived_global_rank,0.7647588460253221,True,0.8832798054431366,True,structure_derived_rank_frontier,True,False,pdom_dist,relative-pdom-static-aligned,0.21520824178447523,0.25717703349282295,0.24910862847634893,0.09226257613354387,pure_static_proximity,static_proximity_global_prefix,1347,15406,905,0.05874334674802025,0.33593170007423906,2694
multiplier,unsupervised,0.05,26934,1347,segr_structure_derived_global_rank,0.7647588460253221,True,0.8832798054431366,True,structure_derived_rank_frontier,True,False,pdom_dist,relative-pdom-static-aligned,0.21520824178447523,0.25717703349282295,0.24910862847634893,0.09226257613354387,segr_structure_derived_selector,global_rank_prefix,1347,15406,1360,0.08827729456056083,0.5048255382331106,2694
multiplier,unsupervised,0.1,26934,2694,segr_structure_derived_global_rank,0.7647588460253221,True,0.8832798054431366,True,structure_derived_rank_frontier,True,False,pdom_dist,relative-pdom-static-aligned,0.21520824178447523,0.25717703349282295,0.24910862847634893,0.09226257613354387,pure_static_proximity,static_proximity_global_prefix,2694,15406,1092,0.07088147475009736,0.2494289629968022,4378
multiplier,unsupervised,0.1,26934,2694,segr_structure_derived_global_rank,0.7647588460253221,True,0.8832798054431366,True,structure_derived_rank_frontier,True,False,pdom_dist,relative-pdom-static-aligned,0.21520824178447523,0.25717703349282295,0.24910862847634893,0.09226257613354387,segr_structure_derived_selector,global_rank_prefix,2694,15406,2259,0.146631182656108,0.5159890360895386,4378
multiplier,unsupervised,0.2,26934,5387,segr_structure_derived_global_rank,0.7647588460253221,True,0.8832798054431366,True,structure_derived_rank_frontier,True,False,pdom_dist,relative-pdom-static-aligned,0.21520824178447523,0.25717703349282295,0.24910862847634893,0.09226257613354387,pure_static_proximity,static_proximity_global_prefix,5387,15406,1189,0.07717772296507854,0.16815160514778674,7071
multiplier,unsupervised,0.2,26934,5387,segr_structure_derived_global_rank,0.7647588460253221,True,0.8832798054431366,True,structure_derived_rank_frontier,True,False,pdom_dist,relative-pdom-static-aligned,0.21520824178447523,0.25717703349282295,0.24910862847634893,0.09226257613354387,segr_structure_derived_selector,global_rank_prefix,5387,15406,3731,0.24217837206283266,0.5276481402913308,7071
priority,unsupervised,0.05,971,49,segr_structure_derived_global_rank,0.7394088273195876,True,0.6714400773195875,True,structure_derived_rank_frontier,True,False,wl3_common_dist,relative-wl-common-cache-repair,0.25195246777618124,0.13872832369942195,0.2507936507936508,0.14838709677419354,pure_static_proximity,static_proximity_global_prefix,49,1086,61,0.056169429097605895,0.6224489795918368,98
priority,unsupervised,0.05,971,49,segr_structure_derived_global_rank,0.7394088273195876,True,0.6714400773195875,True,structure_derived_rank_frontier,True,False,wl3_common_dist,relative-wl-common-cache-repair,0.25195246777618124,0.13872832369942195,0.2507936507936508,0.14838709677419354,segr_structure_derived_selector,global_rank_prefix,49,1086,65,0.05985267034990792,0.6632653061224489,98
priority,unsupervised,0.1,971,98,segr_structure_derived_global_rank,0.7394088273195876,True,0.6714400773195875,True,structure_derived_rank_frontier,True,False,wl3_common_dist,relative-wl-common-cache-repair,0.25195246777618124,0.13872832369942195,0.2507936507936508,0.14838709677419354,pure_static_proximity,static_proximity_global_prefix,98,1086,108,0.09944751381215469,0.5510204081632653,196
priority,unsupervised,0.1,971,98,segr_structure_derived_global_rank,0.7394088273195876,True,0.6714400773195875,True,structure_derived_rank_frontier,True,False,wl3_common_dist,relative-wl-common-cache-repair,0.25195246777618124,0.13872832369942195,0.2507936507936508,0.14838709677419354,segr_structure_derived_selector,global_rank_prefix,98,1086,130,0.11970534069981584,0.6632653061224489,196
priority,unsupervised,0.2,971,195,segr_structure_derived_global_rank,0.7394088273195876,True,0.6714400773195875,True,structure_derived_rank_frontier,True,False,wl3_common_dist,relative-wl-common-cache-repair,0.25195246777618124,0.13872832369942195,0.2507936507936508,0.14838709677419354,pure_static_proximity,static_proximity_global_prefix,195,1086,205,0.1887661141804788,0.5256410256410257,390
priority,unsupervised,0.2,971,195,segr_structure_derived_global_rank,0.7394088273195876,True,0.6714400773195875,True,structure_derived_rank_frontier,True,False,wl3_common_dist,relative-wl-common-cache-repair,0.25195246777618124,0.13872832369942195,0.2507936507936508,0.14838709677419354,segr_structure_derived_selector,global_rank_prefix,195,1086,252,0.23204419889502761,0.6461538461538462,390
router,unsupervised,0.05,254,13,segr_structure_derived_global_rank,0.7233819169960474,True,0.7183794466403162,True,structure_derived_rank_frontier,True,False,pdom_dist,relative-pdom-static-aligned,0.3818536635397788,0.17391304347826086,0.42105263157894735,0.7142857142857143,pure_static_proximity,static_proximity_global_prefix,13,39,5,0.1282051282051282,0.2777777777777778,18
router,unsupervised,0.05,254,13,segr_structure_derived_global_rank,0.7233819169960474,True,0.7183794466403162,True,structure_derived_rank_frontier,True,False,pdom_dist,relative-pdom-static-aligned,0.3818536635397788,0.17391304347826086,0.42105263157894735,0.7142857142857143,segr_structure_derived_selector,global_rank_prefix,13,39,8,0.20512820512820512,0.4444444444444444,18
router,unsupervised,0.1,254,26,segr_structure_derived_global_rank,0.7233819169960474,True,0.7183794466403162,True,structure_derived_rank_frontier,True,False,pdom_dist,relative-pdom-static-aligned,0.3818536635397788,0.17391304347826086,0.42105263157894735,0.7142857142857143,pure_static_proximity,static_proximity_global_prefix,26,39,10,0.2564102564102564,0.3225806451612903,31
router,unsupervised,0.1,254,26,segr_structure_derived_global_rank,0.7233819169960474,True,0.7183794466403162,True,structure_derived_rank_frontier,True,False,pdom_dist,relative-pdom-static-aligned,0.3818536635397788,0.17391304347826086,0.42105263157894735,0.7142857142857143,segr_structure_derived_selector,global_rank_prefix,26,39,14,0.358974358974359,0.45161290322580644,31
router,unsupervised,0.2,254,51,segr_structure_derived_global_rank,0.7233819169960474,True,0.7183794466403162,True,structure_derived_rank_frontier,True,False,pdom_dist,relative-pdom-static-aligned,0.3818536635397788,0.17391304347826086,0.42105263157894735,0.7142857142857143,pure_static_proximity,static_proximity_global_prefix,51,39,21,0.5384615384615384,0.5384615384615384,39
router,unsupervised,0.2,254,51,segr_structure_derived_global_rank,0.7233819169960474,True,0.7183794466403162,True,structure_derived_rank_frontier,True,False,pdom_dist,relative-pdom-static-aligned,0.3818536635397788,0.17391304347826086,0.42105263157894735,0.7142857142857143,segr_structure_derived_selector,global_rank_prefix,51,39,26,0.6666666666666666,0.6666666666666666,39
sin,unsupervised,0.05,5391,270,segr_structure_derived_global_rank,0.7715865607606679,True,0.8360331632653061,True,structure_derived_rank_frontier,True,False,mass_balance,relative-mass-balance-frontier,0.22612194299005003,0.1820860341779611,0.44942196531791906,0.037199124726477024,pure_static_proximity,static_proximity_global_prefix,270,7235,436,0.060262612301313065,0.8074074074074075,540
sin,unsupervised,0.05,5391,270,segr_structure_derived_global_rank,0.7715865607606679,True,0.8360331632653061,True,structure_derived_rank_frontier,True,False,mass_balance,relative-mass-balance-frontier,0.22612194299005003,0.1820860341779611,0.44942196531791906,0.037199124726477024,segr_structure_derived_selector,global_rank_prefix,270,7235,425,0.05874222529371113,0.7870370370370371,540
sin,unsupervised,0.1,5391,540,segr_structure_derived_global_rank,0.7715865607606679,True,0.8360331632653061,True,structure_derived_rank_frontier,True,False,mass_balance,relative-mass-balance-frontier,0.22612194299005003,0.1820860341779611,0.44942196531791906,0.037199124726477024,pure_static_proximity,static_proximity_global_prefix,540,7235,811,0.11209398756046994,0.7509259259259259,1080
sin,unsupervised,0.1,5391,540,segr_structure_derived_global_rank,0.7715865607606679,True,0.8360331632653061,True,structure_derived_rank_frontier,True,False,mass_balance,relative-mass-balance-frontier,0.22612194299005003,0.1820860341779611,0.44942196531791906,0.037199124726477024,segr_structure_derived_selector,global_rank_prefix,540,7235,863,0.11928127159640636,0.799074074074074,1080
sin,unsupervised,0.2,5391,1079,segr_structure_derived_global_rank,0.7715865607606679,True,0.8360331632653061,True,structure_derived_rank_frontier,True,False,mass_balance,relative-mass-balance-frontier,0.22612194299005003,0.1820860341779611,0.44942196531791906,0.037199124726477024,pure_static_proximity,static_proximity_global_prefix,1079,7235,1672,0.23109882515549413,0.7747914735866543,2158
sin,unsupervised,0.2,5391,1079,segr_structure_derived_global_rank,0.7715865607606679,True,0.8360331632653061,True,structure_derived_rank_frontier,True,False,mass_balance,relative-mass-balance-frontier,0.22612194299005003,0.1820860341779611,0.44942196531791906,0.037199124726477024,segr_structure_derived_selector,global_rank_prefix,1079,7235,1679,0.23206634416033173,0.7780352177942539,2158
sqrt,unsupervised,0.05,24554,1228,segr_structure_derived_global_rank,0.7583228755141938,True,0.657014926892844,True,structure_derived_rank_frontier,True,False,role_depth_resonance_idx_inv_dist,relative-role-depth-source,0.276723330653308,0.2064946968704989,0.23363234703440888,0.056530214424951264,pure_static_proximity,static_proximity_global_prefix,1228,17860,679,0.03801791713325868,0.2764657980456026,2456
sqrt,unsupervised,0.05,24554,1228,segr_structure_derived_global_rank,0.7583228755141938,True,0.657014926892844,True,structure_derived_rank_frontier,True,False,role_depth_resonance_idx_inv_dist,relative-role-depth-source,0.276723330653308,0.2064946968704989,0.23363234703440888,0.056530214424951264,segr_structure_derived_selector,global_rank_prefix,1228,17860,1070,0.059910414333706606,0.43566775244299677,2456
sqrt,unsupervised,0.1,24554,2456,segr_structure_derived_global_rank,0.7583228755141938,True,0.657014926892844,True,structure_derived_rank_frontier,True,False,role_depth_resonance_idx_inv_dist,relative-role-depth-source,0.276723330653308,0.2064946968704989,0.23363234703440888,0.056530214424951264,pure_static_proximity,static_proximity_global_prefix,2456,17860,1248,0.06987681970884659,0.254071661237785,4912
sqrt,unsupervised,0.1,24554,2456,segr_structure_derived_global_rank,0.7583228755141938,True,0.657014926892844,True,structure_derived_rank_frontier,True,False,role_depth_resonance_idx_inv_dist,relative-role-depth-source,0.276723330653308,0.2064946968704989,0.23363234703440888,0.056530214424951264,segr_structure_derived_selector,global_rank_prefix,2456,17860,1873,0.10487122060470325,0.38131107491856675,4912
sqrt,unsupervised,0.2,24554,4911,segr_structure_derived_global_rank,0.7583228755141938,True,0.657014926892844,True,structure_derived_rank_frontier,True,False,role_depth_resonance_idx_inv_dist,relative-role-depth-source,0.276723330653308,0.2064946968704989,0.23363234703440888,0.056530214424951264,pure_static_proximity,static_proximity_global_prefix,4911,17860,2377,0.13309070548712207,0.3046264257336922,7803
sqrt,unsupervised,0.2,24554,4911,segr_structure_derived_global_rank,0.7583228755141938,True,0.657014926892844,True,structure_derived_rank_frontier,True,False,role_depth_resonance_idx_inv_dist,relative-role-depth-source,0.276723330653308,0.2064946968704989,0.23363234703440888,0.056530214424951264,segr_structure_derived_selector,global_rank_prefix,4911,17860,3245,0.18169092945128779,0.41586569268230167,7803
square,unsupervised,0.05,18358,918,segr_structure_derived_global_rank,0.7660322867298578,True,0.872414984746963,True,structure_derived_rank_frontier,True,False,mass_balance,relative-mass-balance-frontier,0.2671627875427784,0.3732172624560104,0.4274162495186754,0.06139240506329114,pure_static_proximity,static_proximity_global_prefix,918,13797,794,0.057548742480249326,0.4324618736383442,1836
square,unsupervised,0.05,18358,918,segr_structure_derived_global_rank,0.7660322867298578,True,0.872414984746963,True,structure_derived_rank_frontier,True,False,mass_balance,relative-mass-balance-frontier,0.2671627875427784,0.3732172624560104,0.4274162495186754,0.06139240506329114,segr_structure_derived_selector,global_rank_prefix,918,13797,1070,0.07755309125172138,0.5827886710239651,1836
square,unsupervised,0.1,18358,1836,segr_structure_derived_global_rank,0.7660322867298578,True,0.872414984746963,True,structure_derived_rank_frontier,True,False,mass_balance,relative-mass-balance-frontier,0.2671627875427784,0.3732172624560104,0.4274162495186754,0.06139240506329114,pure_static_proximity,static_proximity_global_prefix,1836,13797,2107,0.15271435819381024,0.57380174291939,3672
square,unsupervised,0.1,18358,1836,segr_structure_derived_global_rank,0.7660322867298578,True,0.872414984746963,True,structure_derived_rank_frontier,True,False,mass_balance,relative-mass-balance-frontier,0.2671627875427784,0.3732172624560104,0.4274162495186754,0.06139240506329114,segr_structure_derived_selector,global_rank_prefix,1836,13797,1903,0.13792853518880915,0.5182461873638344,3672
square,unsupervised,0.2,18358,3672,segr_structure_derived_global_rank,0.7660322867298578,True,0.872414984746963,True,structure_derived_rank_frontier,True,False,mass_balance,relative-mass-balance-frontier,0.2671627875427784,0.3732172624560104,0.4274162495186754,0.06139240506329114,pure_static_proximity,static_proximity_global_prefix,3672,13797,3989,0.2891208233673987,0.5431644880174292,7344
square,unsupervised,0.2,18358,3672,segr_structure_derived_global_rank,0.7660322867298578,True,0.872414984746963,True,structure_derived_rank_frontier,True,False,mass_balance,relative-mass-balance-frontier,0.2671627875427784,0.3732172624560104,0.4274162495186754,0.06139240506329114,segr_structure_derived_selector,global_rank_prefix,3672,13797,3333,0.2415742552728854,0.45383986928104575,7344
voter,unsupervised,0.05,13758,688,segr_structure_derived_global_rank,0.7697444937122919,True,0.9287862542705532,True,structure_derived_rank_frontier,True,False,index_mid,relative-mid-index,0.06583982207323383,0.039030955585464336,0.02155009451795841,0.0,pure_static_proximity,static_proximity_global_prefix,688,5208,171,0.032834101382488476,0.24854651162790697,688
voter,unsupervised,0.05,13758,688,segr_structure_derived_global_rank,0.7697444937122919,True,0.9287862542705532,True,structure_derived_rank_frontier,True,False,index_mid,relative-mid-index,0.06583982207323383,0.039030955585464336,0.02155009451795841,0.0,segr_structure_derived_selector,global_rank_prefix,688,5208,92,0.017665130568356373,0.13372093023255813,688
voter,unsupervised,0.1,13758,1376,segr_structure_derived_global_rank,0.7697444937122919,True,0.9287862542705532,True,structure_derived_rank_frontier,True,False,index_mid,relative-mid-index,0.06583982207323383,0.039030955585464336,0.02155009451795841,0.0,pure_static_proximity,static_proximity_global_prefix,1376,5208,246,0.04723502304147465,0.17877906976744187,1376
voter,unsupervised,0.1,13758,1376,segr_structure_derived_global_rank,0.7697444937122919,True,0.9287862542705532,True,structure_derived_rank_frontier,True,False,index_mid,relative-mid-index,0.06583982207323383,0.039030955585464336,0.02155009451795841,0.0,segr_structure_derived_selector,global_rank_prefix,1376,5208,173,0.03321812596006144,0.1257267441860465,1376
voter,unsupervised,0.2,13758,2752,segr_structure_derived_global_rank,0.7697444937122919,True,0.9287862542705532,True,structure_derived_rank_frontier,True,False,index_mid,relative-mid-index,0.06583982207323383,0.039030955585464336,0.02155009451795841,0.0,pure_static_proximity,static_proximity_global_prefix,2752,5208,419,0.08045314900153609,0.15225290697674418,2752
voter,unsupervised,0.2,13758,2752,segr_structure_derived_global_rank,0.7697444937122919,True,0.9287862542705532,True,structure_derived_rank_frontier,True,False,index_mid,relative-mid-index,0.06583982207323383,0.039030955585464336,0.02155009451795841,0.0,segr_structure_derived_selector,global_rank_prefix,2752,5208,346,0.06643625192012288,0.1257267441860465,2752
